step,t(s),meas_pos(m),meas_vel(m/s),est_pos(m),est_vel(m/s),u(m/s^2)
0,0,5.0039,1.01369,5.0039,1.01369,-0.551074
1,0.01,4.9656,0.972985,5.00435,0.989469,-0.549909
2,0.02,5.0315,0.989662,5.0177,0.998094,-0.551674
3,0.03,5.07691,0.972941,5.03752,1.02271,-0.554888
4,0.04,5.07258,1.02042,5.05272,1.03512,-0.557028
5,0.05,5.06921,0.979789,5.0643,1.03819,-0.558339
6,0.06,5.11989,0.964214,5.08372,1.0608,-0.561412
7,0.07,5.11762,0.95442,5.09899,1.07245,-0.563521
8,0.08,5.05365,0.936805,5.0985,1.04441,-0.562071
9,0.09,5.16293,0.896454,5.11974,1.07141,-0.565544
10,0.1,5.06831,0.90394,5.11803,1.04034,-0.563819
11,0.11,5.09026,0.939615,5.12079,1.02125,-0.563142
12,0.12,5.08093,0.929282,5.12099,0.996213,-0.56191
13,0.13,5.13428,0.913768,5.13162,0.997875,-0.563056
14,0.14,5.14047,0.929264,5.14137,0.997311,-0.564003
15,0.15,5.19623,0.901101,5.16032,1.01975,-0.56702
16,0.16,5.23254,0.903711,5.18292,1.05076,-0.57083
17,0.17,5.21176,0.918159,5.1971,1.05993,-0.572706
18,0.18,5.24103,0.893278,5.21436,1.0766,-0.575266
19,0.19,5.19171,0.916245,5.21845,1.05989,-0.574839
20,0.2,5.13255,0.87806,5.20975,1.01164,-0.571557
21,0.21,5.20053,0.883209,5.216,1.00197,-0.571698
22,0.22,5.29951,0.867935,5.24071,1.03872,-0.576007
23,0.23,5.22403,0.863982,5.24569,1.02518,-0.575828
24,0.24,5.20284,0.844766,5.24532,0.998636,-0.574464
25,0.25,5.16196,0.874727,5.23664,0.951964,-0.571262
26,0.26,5.30554,0.833636,5.25803,0.981657,-0.574886
27,0.27,5.1925,0.878714,5.25278,0.943984,-0.572477
28,0.28,5.27513,0.869961,5.2648,0.950441,-0.574002
29,0.29,5.26746,0.795985,5.27294,0.947017,-0.574645
30,0.3,5.31226,0.840423,5.28838,0.961941,-0.576935
31,0.31,5.29139,0.800391,5.29668,0.958639,-0.5776
32,0.32,5.35612,0.789851,5.31624,0.983569,-0.580802
33,0.33,5.33628,0.810477,5.32811,0.988674,-0.582245
34,0.34,5.36353,0.798577,5.34311,1.00144,-0.584383
35,0.35,5.31355,0.780125,5.34521,0.981657,-0.583604
36,0.36,5.3257,0.810178,5.34916,0.966997,-0.583266
37,0.37,5.28529,0.787774,5.34412,0.930229,-0.580924
38,0.38,5.35297,0.783991,5.35333,0.930002,-0.581833
39,0.39,5.35262,0.80063,5.36063,0.924994,-0.582313
40,0.4,5.35578,0.794015,5.36706,0.917945,-0.582603
41,0.41,5.43772,0.775158,5.38854,0.948685,-0.586288
42,0.42,5.38557,0.762822,5.39553,0.942458,-0.586676
43,0.43,5.38943,0.717368,5.40185,0.934696,-0.58692
44,0.44,5.4435,0.767149,5.41766,0.950846,-0.589308
45,0.45,5.39009,0.762472,5.41975,0.932306,-0.58859
46,0.46,5.37167,0.776864,5.41759,0.903602,-0.586939
47,0.47,5.4182,0.728464,5.42494,0.899389,-0.587464
48,0.48,5.46211,0.751931,5.43957,0.913477,-0.589631
49,0.49,5.28769,0.713839,5.4165,0.832965,-0.583299
50,0.5,5.41291,0.701691,5.42245,0.827005,-0.583595
51,0.51,5.42412,0.739521,5.4294,0.823707,-0.584125
52,0.52,5.49749,0.676794,5.44961,0.853635,-0.587643
53,0.53,5.48325,0.70697,5.46317,0.86619,-0.589626
54,0.54,5.4932,0.671336,5.4761,0.876873,-0.591454
55,0.55,5.46558,0.664151,5.48101,0.867226,-0.591462
56,0.56,5.444,0.670348,5.48055,0.844383,-0.590274
57,0.57,5.53182,0.696182,5.49756,0.865799,-0.593046
58,0.58,5.47473,0.657194,5.49992,0.850054,-0.592494
59,0.59,5.48233,0.654778,5.5032,0.837009,-0.59217
60,0.6,5.56563,0.668286,5.52238,0.864039,-0.59544
61,0.61,5.5396,0.674826,5.53274,0.868326,-0.59669
62,0.62,5.43589,0.643819,5.52031,0.815561,-0.592809
63,0.63,5.56987,0.615928,5.53675,0.83626,-0.595488
64,0.64,5.61417,0.633686,5.55892,0.870789,-0.599432
65,0.65,5.57348,0.621575,5.5688,0.873712,-0.600566
66,0.66,5.45042,0.667942,5.55211,0.810154,-0.595719
67,0.67,5.57871,0.628582,5.56391,0.819399,-0.597361
68,0.68,5.45831,0.56393,5.54935,0.7625,-0.59306
69,0.69,5.50992,0.580457,5.54756,0.738976,-0.591705
70,0.7,5.56013,0.618234,5.55599,0.741566,-0.592677
71,0.71,5.56048,0.606928,5.56282,0.740105,-0.593287
72,0.72,5.68156,0.561434,5.59249,0.795774,-0.599038
73,0.73,5.56038,0.583388,5.59243,0.775743,-0.598031
74,0.74,5.60661,0.567836,5.60148,0.778951,-0.599095
75,0.75,5.49049,0.588928,5.58551,0.719563,-0.594529
76,0.76,5.68085,0.580112,5.61033,0.763636,-0.599215
77,0.77,5.5881,0.569278,5.612,0.748699,-0.598635
78,0.78,5.62568,0.547173,5.62072,0.751798,-0.599662
79,0.79,5.63893,0.536621,5.63038,0.757144,-0.600895
80,0.8,5.55059,0.563914,5.62048,0.713465,-0.597721
81,0.81,5.64077,0.546548,5.63024,0.720042,-0.599027
82,0.82,5.5932,0.510061,5.6286,0.697921,-0.597756
83,0.83,5.56875,0.510842,5.62221,0.664509,-0.595447
84,0.84,5.62009,0.556036,5.6271,0.660127,-0.595717
85,0.85,5.60843,0.455252,5.62865,0.647492,-0.59524
86,0.86,5.66764,0.463055,5.64163,0.66375,-0.59735
87,0.87,5.64655,0.509869,5.64792,0.662894,-0.597937
88,0.88,5.6642,0.492358,5.65648,0.667719,-0.599034
89,0.89,5.64501,0.514968,5.65953,0.658645,-0.598885
90,0.9,5.66506,0.456298,5.66591,0.658116,-0.599496
91,0.91,5.6678,0.475052,5.67155,0.655774,-0.599944
92,0.92,5.65888,0.468163,5.67426,0.646159,-0.599734
93,0.93,5.60936,0.464744,5.66645,0.61048,-0.597169
94,0.94,5.79181,0.455949,5.69641,0.670106,-0.603146
95,0.95,5.66834,0.416512,5.69615,0.652724,-0.602252
96,0.96,5.68836,0.457114,5.69982,0.645563,-0.60226
97,0.97,5.64307,0.443183,5.69363,0.61396,-0.600061
98,0.98,5.67243,0.442349,5.6943,0.600289,-0.599445
99,0.99,5.75508,0.43756,5.71126,0.627674,-0.60251
100,1,5.71257,0.428165,5.71654,0.62519,-0.602914
101,1.01,5.72496,0.385531,5.72323,0.626273,-0.603636
102,1.02,5.66139,0.396919,5.71587,0.59222,-0.601198
103,1.03,5.69912,0.39102,5.71726,0.580886,-0.60077
104,1.04,5.75473,0.388117,5.7294,0.596719,-0.602776
105,1.05,5.74567,0.385842,5.73743,0.601871,-0.603836
106,1.06,5.73713,0.364146,5.74218,0.598713,-0.604154
107,1.07,5.74842,0.373666,5.74822,0.598836,-0.604764
108,1.08,5.71353,0.361547,5.74607,0.578495,-0.603532
109,1.09,5.77988,0.344662,5.75746,0.592505,-0.605371
110,1.1,5.79678,0.37085,5.77007,0.609203,-0.607467
111,1.11,5.6701,0.36945,5.75495,0.556177,-0.603304
112,1.12,5.75455,0.311212,5.75932,0.553196,-0.603591
113,1.13,5.79575,0.331267,5.77103,0.568649,-0.605535
114,1.14,5.68646,0.333562,5.75866,0.52352,-0.602042
115,1.15,5.74229,0.294796,5.75958,0.512714,-0.601593
116,1.16,5.79765,0.303292,5.77129,0.52919,-0.603589
117,1.17,5.8158,0.267915,5.78443,0.548797,-0.605883
118,1.18,5.73091,0.273856,5.77812,0.519291,-0.603776
119,1.19,5.81332,0.323223,5.78931,0.534299,-0.605646
120,1.2,5.85228,0.31688,5.80618,0.563112,-0.608774
121,1.21,5.79361,0.259322,5.80817,0.554014,-0.608518
122,1.22,5.71868,0.287463,5.7947,0.506496,-0.604795
123,1.23,5.80261,0.265899,5.80034,0.507918,-0.60543
124,1.24,5.7641,0.266605,5.79715,0.487261,-0.604078
125,1.25,5.73227,0.232853,5.78808,0.452382,-0.601427
126,1.26,5.80944,0.266724,5.79597,0.4608,-0.602637
127,1.27,5.78663,0.21194,5.79778,0.453826,-0.60247
128,1.28,5.83164,0.257906,5.80819,0.468484,-0.604243
129,1.29,5.80826,0.243849,5.81195,0.46618,-0.604504
130,1.3,5.82984,0.2198,5.81926,0.472797,-0.605566
131,1.31,5.88154,0.222427,5.8355,0.501575,-0.608628
132,1.32,5.87947,0.210909,5.84831,0.521055,-0.610883
133,1.33,5.8744,0.193889,5.85769,0.531497,-0.612344
134,1.34,5.80485,0.201943,5.85138,0.502417,-0.610258
135,1.35,5.80138,0.204893,5.8454,0.474907,-0.608285
136,1.36,5.82173,0.194936,5.84446,0.460698,-0.607481
137,1.37,5.83344,0.206539,5.84594,0.452885,-0.607238
138,1.38,5.8493,0.16039,5.85024,0.452301,-0.607639
139,1.39,5.89123,0.180617,5.86205,0.470534,-0.609732
140,1.4,5.88763,0.184608,5.87093,0.480971,-0.611142
141,1.41,5.96112,0.206437,5.89282,0.523658,-0.615465
142,1.42,5.87769,0.1631,5.89398,0.513476,-0.615072
143,1.43,5.93222,0.0961881,5.90574,0.530029,-0.617075
144,1.44,5.84257,0.191489,5.89734,0.495793,-0.614524
145,1.45,5.81747,0.162413,5.88534,0.453376,-0.611202
146,1.46,5.84035,0.133685,5.87996,0.428615,-0.609427
147,1.47,5.92331,0.168632,5.89206,0.448145,-0.611614
148,1.48,5.79585,0.128993,5.87641,0.397798,-0.60753
149,1.49,5.89579,0.0822665,5.88347,0.405503,-0.608622
150,1.5,5.87516,0.118221,5.88505,0.399324,-0.608471
151,1.51,5.77904,0.101517,5.86704,0.344324,-0.60392
152,1.52,5.87779,0.107221,5.87195,0.347975,-0.604593
153,1.53,5.86128,0.0798132,5.8726,0.340904,-0.604305
154,1.54,5.91389,0.103525,5.88358,0.359847,-0.606351
155,1.55,5.81687,0.0449353,5.87312,0.324691,-0.603547
156,1.56,5.92472,0.0712465,5.88604,0.348867,-0.606047
157,1.57,5.85326,0.0653133,5.88227,0.330732,-0.604764
158,1.58,5.79551,0.0532947,5.86756,0.285696,-0.601041
159,1.59,5.76151,0.0609483,5.84864,0.231239,-0.596426
160,1.6,5.76767,0.0768897,5.83429,0.189599,-0.592909
161,1.61,5.86621,0.0526325,5.84219,0.204608,-0.59445
162,1.62,5.86369,0.0362648,5.84813,0.214331,-0.59553
163,1.63,5.89096,0.0377653,5.85841,0.234676,-0.597575
164,1.64,5.84033,0.0628691,5.85667,0.224462,-0.59689
165,1.65,5.86777,0.00495454,5.86069,0.228887,-0.597513
166,1.66,5.88722,0.0150824,5.86782,0.241009,-0.598833
167,1.67,5.89194,0.0289759,5.87458,0.251863,-0.600051
168,1.68,5.93385,0.00289111,5.88845,0.28024,-0.602857
169,1.69,5.80982,-0.0185252,5.87496,0.239525,-0.599472
170,1.7,5.80507,-0.0098484,5.8629,0.203379,-0.596459
171,1.71,5.92925,-0.0883446,5.8778,0.23554,-0.599557
172,1.72,5.85006,-0.0136139,5.87413,0.220493,-0.598438
173,1.73,5.82007,-0.0527838,5.86508,0.192358,-0.596126
174,1.74,5.76761,-0.0537398,5.84713,0.14266,-0.591846
175,1.75,5.91605,-0.0319511,5.86205,0.176405,-0.595026
176,1.76,5.83453,-0.000314538,5.85796,0.161762,-0.593884
177,1.77,5.91352,-0.0560239,5.87037,0.188733,-0.596473
178,1.78,5.82834,-0.0738465,5.86347,0.166774,-0.594686
179,1.79,5.91325,-0.0702485,5.87476,0.190832,-0.597018
180,1.8,5.79264,-0.0531344,5.85986,0.148816,-0.593427
181,1.81,5.9097,-0.0702231,5.87102,0.17299,-0.595752
182,1.82,5.76676,-0.0711746,5.85155,0.119995,-0.591155
183,1.83,5.85828,-0.0643919,5.85386,0.122758,-0.591524
184,1.84,5.79124,-0.0698066,5.84232,0.0908369,-0.588774
185,1.85,5.84302,-0.0852159,5.84318,0.0907319,-0.588855
186,1.86,5.79961,-0.122135,5.83519,0.0684902,-0.586944
187,1.87,5.78966,-0.0938894,5.82664,0.0453815,-0.584933
188,1.88,5.8142,-0.153438,5.82451,0.0389387,-0.584398
189,1.89,5.83609,-0.0881502,5.82714,0.0445321,-0.584941
190,1.9,5.79755,-0.14635,5.82158,0.0295133,-0.583633
191,1.91,5.77493,-0.0852325,5.81248,0.00604308,-0.581551
192,1.92,5.89336,-0.136317,5.82871,0.0464499,-0.585193
193,1.93,5.85399,-0.172211,5.83414,0.0588609,-0.586357
194,1.94,5.87796,-0.125611,5.84337,0.0804806,-0.588361
195,1.95,5.86282,-0.128603,5.84791,0.089803,-0.589281
196,1.96,5.73659,-0.195988,5.82636,0.0336937,-0.584321
197,1.97,5.85366,-0.176554,5.83209,0.0471754,-0.585568
198,1.98,5.85414,-0.20287,5.83688,0.0579631,-0.586586
199,1.99,5.72925,-0.168303,5.81582,0.00385973,-0.581775
200,2,5.852,-0.155148,5.82308,0.0219309,-0.583405
201,2.01,5.8057,-0.169485,5.81978,0.0131319,-0.582635
202,2.02,5.79967,-0.206508,5.81586,0.00300975,-0.581737
203,2.03,5.92016,-0.199278,5.83675,0.0551431,-0.586432
204,2.04,5.77984,-0.20449,5.82581,0.0264124,-0.583901
205,2.05,5.79071,-0.196959,5.819,0.00873056,-0.582336
206,2.06,5.84874,-0.247861,5.82502,0.0235595,-0.58368
207,2.07,5.90329,-0.232223,5.84086,0.0625791,-0.587215
208,2.08,5.76578,-0.220785,5.82635,0.0247257,-0.583871
209,2.09,5.76846,-0.238415,5.81497,-0.00433927,-0.58128
210,2.1,5.84043,-0.241991,5.82002,0.00841284,-0.582423
211,2.11,5.77096,-0.238989,5.81028,-0.0161594,-0.58022
212,2.12,5.80217,-0.276082,5.80853,-0.0201307,-0.579846
213,2.13,5.74466,-0.260816,5.79559,-0.0519668,-0.576961
214,2.14,5.74379,-0.247466,5.78482,-0.0776085,-0.574601
215,2.15,5.87266,-0.264371,5.80177,-0.0332979,-0.578512
216,2.16,5.77706,-0.266305,5.79656,-0.0454822,-0.577382
217,2.17,5.74841,-0.251442,5.78657,-0.069327,-0.57519
218,2.18,5.77013,-0.274942,5.78272,-0.0771994,-0.574412
219,2.19,5.76662,-0.289023,5.77889,-0.0848651,-0.573645
220,2.2,5.84378,-0.314859,5.79118,-0.0519938,-0.576519
221,2.21,5.72533,-0.289119,5.7776,-0.0846616,-0.573527
222,2.22,5.73937,-0.320035,5.76928,-0.103352,-0.57176
223,2.23,5.79525,-0.28911,5.77364,-0.0898493,-0.572872
224,2.24,5.75958,-0.336849,5.77011,-0.0964321,-0.57219
225,2.25,5.77668,-0.317272,5.77065,-0.0926648,-0.572432
226,2.26,5.79305,-0.366764,5.77439,-0.0810051,-0.573389
227,2.27,5.74752,-0.316397,5.76837,-0.0940344,-0.572135
228,2.28,5.78229,-0.370789,5.7704,-0.0866051,-0.57271
229,2.29,5.71954,-0.322016,5.75954,-0.111604,-0.570373
230,2.3,5.77699,-0.335776,5.76213,-0.102319,-0.571097
231,2.31,5.72989,-0.371749,5.75487,-0.117929,-0.56959
232,2.32,5.78485,-0.363129,5.75992,-0.102347,-0.570875
233,2.33,5.64017,-0.368249,5.73515,-0.161711,-0.565429
234,2.34,5.63417,-0.377961,5.71366,-0.211394,-0.560796
235,2.35,5.68575,-0.38108,5.70639,-0.22429,-0.559424
236,2.36,5.7504,-0.40787,5.7134,-0.201164,-0.561281
237,2.37,5.78602,-0.405806,5.72631,-0.163845,-0.564439
238,2.38,5.70205,-0.388835,5.72015,-0.175157,-0.563257
239,2.39,5.79252,-0.431281,5.73322,-0.138096,-0.566417
240,2.4,5.68761,-0.42689,5.72299,-0.16021,-0.564289
241,2.41,5.67722,-0.41825,5.71256,-0.182295,-0.562141
242,2.42,5.72358,-0.432252,5.71331,-0.17587,-0.562537
243,2.43,5.62157,-0.462266,5.69355,-0.220858,-0.558312
244,2.44,5.69113,-0.431451,5.6913,-0.220963,-0.558082
245,2.45,5.72337,-0.422811,5.69595,-0.203825,-0.559403
246,2.46,5.75559,-0.46914,5.70624,-0.172984,-0.561975
247,2.47,5.74052,-0.451245,5.71171,-0.154983,-0.563422
248,2.48,5.67844,-0.466063,5.70382,-0.170843,-0.56184
249,2.49,5.61146,-0.448964,5.68398,-0.216169,-0.55759
250,2.5,5.68875,-0.434343,5.68321,-0.212705,-0.557685
251,2.51,5.64499,-0.486649,5.67386,-0.230747,-0.555849
252,2.52,5.53348,-0.451951,5.64394,-0.299786,-0.549405
253,2.53,5.60947,-0.54474,5.63465,-0.315521,-0.547689
254,2.54,5.6028,-0.506186,5.62575,-0.329866,-0.546082
255,2.55,5.72215,-0.530353,5.6424,-0.280017,-0.550239
256,2.56,5.6747,-0.544586,5.64662,-0.262463,-0.551539
257,2.57,5.69758,-0.511612,5.65471,-0.235667,-0.553688
258,2.58,5.60715,-0.537953,5.64331,-0.25827,-0.551418
259,2.59,5.56743,-0.53218,5.62607,-0.294919,-0.547861
260,2.6,5.54194,-0.477426,5.60688,-0.335511,-0.543913
261,2.61,5.61714,-0.525614,5.60625,-0.328706,-0.54419
262,2.62,5.58033,-0.485095,5.59844,-0.340022,-0.542843
263,2.63,5.61425,-0.52539,5.59888,-0.330417,-0.543367
264,2.64,5.63541,-0.524318,5.60354,-0.310501,-0.544829
265,2.65,5.60837,-0.570008,5.60202,-0.306534,-0.544876
266,2.66,5.64024,-0.529065,5.60721,-0.285892,-0.546427
267,2.67,5.46771,-0.534377,5.57703,-0.354216,-0.539992
268,2.68,5.5629,-0.575584,5.57137,-0.35951,-0.539161
269,2.69,5.5467,-0.599757,5.56356,-0.370047,-0.537853
270,2.7,5.51678,-0.583901,5.55124,-0.391585,-0.535545
271,2.71,5.61934,-0.60227,5.56173,-0.355576,-0.538394
272,2.72,5.57913,-0.605577,5.56236,-0.345098,-0.538981
273,2.73,5.44562,-0.595793,5.53625,-0.401745,-0.533538
274,2.74,5.53914,-0.578486,5.53362,-0.398294,-0.533447
275,2.75,5.4782,-0.604119,5.51935,-0.424011,-0.530734
276,2.76,5.49593,-0.625736,5.51127,-0.433599,-0.529447
277,2.77,5.47555,-0.61519,5.50066,-0.449293,-0.527601
278,2.78,5.5068,-0.650393,5.49829,-0.443976,-0.52763
279,2.79,5.50523,-0.634846,5.49613,-0.438289,-0.527698
280,2.8,5.53386,-0.652357,5.50017,-0.41723,-0.529155
281,2.81,5.54657,-0.629013,5.50611,-0.391945,-0.531014
282,2.82,5.50907,-0.701458,5.50357,-0.388504,-0.530932
283,2.83,5.42627,-0.619697,5.485,-0.42521,-0.527239
284,2.84,5.46387,-0.638695,5.47737,-0.433651,-0.526055
285,2.85,5.41909,-0.653838,5.46224,-0.460624,-0.523193
286,2.86,5.46404,-0.663158,5.45892,-0.457424,-0.523021
287,2.87,5.40206,-0.650959,5.44389,-0.483565,-0.520211
288,2.88,5.47984,-0.644082,5.44721,-0.463171,-0.521562
289,2.89,5.43519,-0.675076,5.4411,-0.466863,-0.520767
290,2.9,5.40883,-0.692388,5.43091,-0.480663,-0.519058
291,2.91,5.36611,-0.682355,5.41411,-0.510662,-0.515878
292,2.92,5.44047,-0.714657,5.41529,-0.494929,-0.516783
293,2.93,5.44912,-0.700818,5.4181,-0.475541,-0.518033
294,2.94,5.36667,-0.692826,5.40401,-0.498879,-0.515457
295,2.95,5.44539,-0.687015,5.40829,-0.475695,-0.517045
296,2.96,5.37943,-0.723697,5.39872,-0.487747,-0.515484
297,2.97,5.32038,-0.745731,5.37915,-0.524479,-0.511691
298,2.98,5.31316,-0.705639,5.36175,-0.554849,-0.508433
299,2.99,5.29736,-0.760639,5.34444,-0.584272,-0.50523
300,3,5.27412,-0.754785,5.3257,-0.616509,-0.501744
301,3.01,5.3475,-0.759043,5.32513,-0.602526,-0.502386
302,3.02,5.40097,-0.729865,5.33547,-0.561593,-0.505468
303,3.03,5.34361,-0.75039,5.33261,-0.554717,-0.505525
304,3.04,5.39672,-0.744679,5.34099,-0.519886,-0.508105
305,3.05,5.28527,-0.73801,5.32569,-0.545149,-0.505311
306,3.06,5.30355,-0.756468,5.3169,-0.553492,-0.504015
307,3.07,5.32356,-0.786899,5.3138,-0.547396,-0.504011
308,3.08,5.29244,-0.770248,5.30515,-0.555339,-0.502748
309,3.09,5.27181,-0.808594,5.29404,-0.569233,-0.500943
310,3.1,5.35602,-0.775334,5.30188,-0.535398,-0.503418
311,3.11,5.28678,-0.786282,5.29458,-0.540275,-0.502444
312,3.12,5.26545,-0.781705,5.28443,-0.552136,-0.500836
313,3.13,5.26779,-0.781562,5.27669,-0.557698,-0.499784
314,3.14,5.22244,-0.812242,5.26137,-0.582032,-0.497036
315,3.15,5.20049,-0.797433,5.24454,-0.609566,-0.493976
316,3.16,5.23849,-0.835703,5.23845,-0.609544,-0.493368
317,3.17,5.27027,-0.838833,5.23994,-0.59059,-0.494465
318,3.18,5.18797,-0.807852,5.22482,-0.61362,-0.491801
319,3.19,5.10861,-0.822436,5.19667,-0.668657,-0.486234
320,3.2,5.28193,-0.848406,5.20837,-0.622684,-0.489703
321,3.21,5.20531,-0.813719,5.20278,-0.621102,-0.489223
322,3.22,5.23349,-0.866749,5.20395,-0.60264,-0.490263
323,3.23,5.23787,-0.874056,5.20592,-0.58267,-0.491458
324,3.24,5.1623,-0.84861,5.19253,-0.601566,-0.489175
325,3.25,5.1756,-0.836544,5.18433,-0.607023,-0.488082
326,3.26,5.07552,-0.831349,5.15771,-0.658393,-0.482852
327,3.27,5.06175,-0.861449,5.13325,-0.703085,-0.478171
328,3.28,5.04872,-0.868905,5.11072,-0.741834,-0.473981
329,3.29,5.14555,-0.89043,5.11175,-0.720711,-0.47514
330,3.3,5.14001,-0.890158,5.11164,-0.702979,-0.476015
331,3.31,5.04889,-0.904427,5.09346,-0.730841,-0.472804
332,3.32,5.02023,-0.880112,5.07297,-0.763803,-0.469107
333,3.33,5.08466,-0.906486,5.0692,-0.754138,-0.469213
334,3.34,5.09412,-0.927219,5.06815,-0.737905,-0.46992
335,3.35,5.06619,-0.905254,5.06186,-0.735196,-0.469426
336,3.36,5.01666,-0.923204,5.04693,-0.754118,-0.466988
337,3.37,5.04994,-0.941614,5.0415,-0.748843,-0.466708
338,3.38,5.01564,-0.937413,5.03034,-0.758029,-0.465133
339,3.39,4.9984,-0.912984,5.01789,-0.770207,-0.463279
340,3.4,5.06623,-0.95434,5.0214,-0.742187,-0.46503
341,3.41,5.15648,-0.973463,5.04247,-0.670935,-0.470701
342,3.42,5.01004,-0.917413,5.03062,-0.6838,-0.468872
343,3.43,5.03465,-0.955522,5.02595,-0.678366,-0.468677
344,3.44,4.95823,-0.94714,5.00698,-0.708838,-0.465256
345,3.45,5.01919,-0.967881,5.00375,-0.699188,-0.465416
346,3.46,4.94018,-0.954953,4.98545,-0.727479,-0.462171
347,3.47,4.93351,-0.971129,4.96924,-0.749812,-0.459433
348,3.48,4.93544,-0.948456,4.95648,-0.76296,-0.4575
349,3.49,4.91932,-0.97409,4.94294,-0.777724,-0.455408
350,3.5,4.93473,-0.968828,4.93508,-0.777944,-0.454611
351,3.51,4.91806,-0.965445,4.92545,-0.782565,-0.453417
352,3.52,4.84025,-1.00312,4.90215,-0.821255,-0.449152
353,3.53,4.97858,-1.04488,4.91087,-0.778934,-0.45214
354,3.54,4.85717,-1.0495,4.8939,-0.801885,-0.449295
355,3.55,4.92147,-1.02103,4.893,-0.784088,-0.450095
356,3.56,4.96996,-0.968738,4.90212,-0.741684,-0.453127
357,3.57,4.83282,-0.997156,4.88232,-0.772625,-0.449601
358,3.58,4.78126,-1.02968,4.85593,-0.819295,-0.444628
359,3.59,4.88096,-1.03632,4.85438,-0.802686,-0.445304
360,3.6,4.81617,-1.02741,4.84032,-0.817779,-0.443143
361,3.61,4.90068,-1.02449,4.84585,-0.783507,-0.445409
362,3.62,4.79116,-1.00827,4.82864,-0.806932,-0.442518
363,3.63,4.89328,-1.03751,4.83511,-0.77058,-0.444982
364,3.64,4.85332,-1.00008,4.83259,-0.757624,-0.445378
365,3.65,4.74747,-1.06104,4.8095,-0.796397,-0.441131
366,3.66,4.71954,-1.04092,4.78514,-0.837395,-0.436644
367,3.67,4.79931,-1.06722,4.78128,-0.826124,-0.436821
368,3.68,4.79793,-1.04988,4.778,-0.813666,-0.437116
369,3.69,4.71072,-1.07205,4.75803,-0.843239,-0.433641
370,3.7,4.69576,-1.10298,4.73883,-0.870156,-0.430375
371,3.71,4.78616,-1.09695,4.74134,-0.842143,-0.432026
372,3.72,4.72606,-1.07902,4.73154,-0.845571,-0.430876
373,3.73,4.6641,-1.07244,4.71129,-0.875065,-0.427376
374,3.74,4.64747,-1.08365,4.69152,-0.902603,-0.424022
375,3.75,4.74683,-1.08971,4.69536,-0.870439,-0.426014
376,3.76,4.60002,-1.11152,4.66933,-0.913761,-0.421245
377,3.77,4.68256,-1.08996,4.66467,-0.902578,-0.421338
378,3.78,4.59824,-1.0898,4.64416,-0.931278,-0.417852
379,3.79,4.63099,-1.12378,4.63408,-0.933209,-0.416747
380,3.8,4.63835,-1.12553,4.62747,-0.926404,-0.416426
381,3.81,4.57806,-1.13294,4.61017,-0.946476,-0.413693
382,3.82,4.60917,-1.08481,4.6024,-0.942247,-0.413128
383,3.83,4.63242,-1.13018,4.60087,-0.922525,-0.41396
384,3.84,4.5225,-1.15869,4.57781,-0.957094,-0.409927
385,3.85,4.54575,-1.1396,4.56374,-0.968341,-0.407957
386,3.86,4.58035,-1.17749,4.55932,-0.955194,-0.408172
387,3.87,4.6398,-1.14769,4.56777,-0.910179,-0.411268
388,3.88,4.4987,-1.12979,4.54668,-0.940165,-0.407659
389,3.89,4.54579,-1.14035,4.53898,-0.935909,-0.407102
390,3.9,4.50472,-1.17069,4.52464,-0.948359,-0.405046
391,3.91,4.42007,-1.14074,4.49614,-0.995899,-0.399819
392,3.92,4.50844,-1.20468,4.49063,-0.984767,-0.399825
393,3.93,4.43628,-1.16813,4.47188,-1.00702,-0.396837
394,3.94,4.42655,-1.14458,4.45476,-1.02465,-0.394243
395,3.95,4.39552,-1.16566,4.43471,-1.04915,-0.391014
396,3.96,4.44781,-1.18565,4.42894,-1.03736,-0.391026
397,3.97,4.34774,-1.19706,4.4044,-1.07277,-0.386802
398,3.98,4.38685,-1.20053,4.39231,-1.07618,-0.385422
399,3.99,4.38772,-1.17834,4.38278,-1.0731,-0.384623
400,4,4.47128,-1.21626,4.3919,-1.02348,-0.388015
401,4.01,4.4002,-1.19854,4.38537,-1.01421,-0.387826
402,4.02,4.45443,-1.19775,4.39107,-0.974613,-0.390376
403,4.03,4.42671,-1.16799,4.3904,-0.951918,-0.391444
404,4.04,4.45881,-1.22482,4.39646,-0.912955,-0.393999
405,4.05,4.28334,-1.18558,4.36654,-0.964955,-0.388406
406,4.06,4.25072,-1.19583,4.33565,-1.01804,-0.382663
407,4.07,4.28076,-1.22851,4.31653,-1.04039,-0.379633
408,4.08,4.2502,-1.24622,4.29494,-1.06836,-0.376076
409,4.09,4.26732,-1.21479,4.28087,-1.07683,-0.374246
410,4.1,4.20893,-1.22648,4.25787,-1.10741,-0.370416
411,4.11,4.31904,-1.23836,4.26124,-1.07129,-0.37256
412,4.12,4.32008,-1.20167,4.26444,-1.03651,-0.374618
413,4.13,4.23724,-1.23273,4.25071,-1.04493,-0.372824
414,4.14,4.25834,-1.26865,4.24388,-1.03589,-0.372593
415,4.15,4.24954,-1.25761,4.23672,-1.02787,-0.372278
416,4.16,4.23935,-1.27917,4.22902,-1.02142,-0.371831
417,4.17,4.11914,-1.25708,4.19888,-1.07126,-0.366325
418,4.18,4.16796,-1.23457,4.18412,-1.08136,-0.364344
419,4.19,4.06845,-1.28697,4.15234,-1.13379,-0.358545
420,4.2,4.19501,-1.27732,4.1518,-1.10678,-0.359841
421,4.21,4.14,-1.27645,4.14059,-1.10715,-0.358702
422,4.22,4.14134,-1.27393,4.13188,-1.10124,-0.358126
423,4.23,4.1269,-1.27952,4.12208,-1.09822,-0.357297
424,4.24,4.02757,-1.26972,4.09439,-1.13998,-0.35244
425,4.25,4.01203,-1.26941,4.0688,-1.17546,-0.348107
426,4.26,4.03828,-1.27,4.05329,-1.18484,-0.346087
427,4.27,4.00569,-1.28628,4.03429,-1.20271,-0.343294
428,4.28,4.09204,-1.30616,4.03622,-1.16782,-0.345231
429,4.29,3.99442,-1.29521,4.01852,-1.18288,-0.342708
430,4.3,3.91991,-1.31553,3.98933,-1.22627,-0.33762
431,4.31,4.03952,-1.31534,3.98956,-1.19505,-0.339204
432,4.32,3.96108,-1.32052,3.9743,-1.20331,-0.337265
433,4.33,3.97584,-1.32617,3.96499,-1.19653,-0.336672
434,4.34,3.92578,-1.30478,3.94757,-1.21015,-0.33425
435,4.35,3.88571,-1.31496,3.92552,-1.23503,-0.3308
436,4.36,3.95775,-1.33383,3.92208,-1.21274,-0.331572
437,4.37,3.97199,-1.34072,3.92236,-1.18172,-0.33315
438,4.38,3.89965,-1.33413,3.90837,-1.18717,-0.331478
439,4.39,3.86491,-1.32635,3.89018,-1.20297,-0.328869
440,4.4,3.90537,-1.36216,3.88359,-1.18936,-0.328891
441,4.41,3.83304,-1.33532,3.86397,-1.20869,-0.325962
442,4.42,3.83125,-1.31532,3.84775,-1.219,-0.323825
443,4.43,3.86141,-1.36612,3.84073,-1.20608,-0.323769
444,4.44,3.7248,-1.36865,3.8079,-1.25801,-0.317889
445,4.45,3.85162,-1.37533,3.80658,-1.22986,-0.319165
446,4.46,3.81874,-1.36802,3.79917,-1.21763,-0.319036
447,4.47,3.78899,-1.33844,3.7874,-1.21663,-0.317908
448,4.48,3.74471,-1.35999,3.76913,-1.23189,-0.315318
449,4.49,3.74362,-1.39265,3.75417,-1.23848,-0.313493
450,4.5,3.84975,-1.37713,3.76338,-1.1845,-0.317113
451,4.51,3.76751,-1.37974,3.75473,-1.17651,-0.316647
452,4.52,3.70267,-1.36298,3.73491,-1.19666,-0.313658
453,4.53,3.73165,-1.38841,3.72468,-1.1923,-0.312853
454,4.54,3.69703,-1.36427,3.70961,-1.20016,-0.310953
455,4.55,3.73205,-1.35888,3.7045,-1.18294,-0.311303
456,4.56,3.58987,-1.39321,3.67211,-1.23435,-0.305494
457,4.57,3.64314,-1.4236,3.65644,-1.24266,-0.303511
458,4.58,3.75385,-1.40857,3.66598,-1.18774,-0.307211
459,4.59,3.63447,-1.37062,3.65018,-1.19756,-0.30514
460,4.6,3.60696,-1.4187,3.63195,-1.21318,-0.302537
461,4.61,3.57635,-1.40843,3.61113,-1.23491,-0.299367
462,4.62,3.60283,-1.40825,3.59959,-1.23289,-0.298315
463,4.63,3.64085,-1.4199,3.59798,-1.20609,-0.299493
464,4.64,3.56141,-1.43615,3.58102,-1.21834,-0.297184
465,4.65,3.48358,-1.38722,3.55178,-1.26097,-0.29213
466,4.66,3.46928,-1.42118,3.52519,-1.29591,-0.287724
467,4.67,3.49925,-1.4406,3.50964,-1.30241,-0.285843
468,4.68,3.50987,-1.43024,3.49926,-1.29578,-0.285137
469,4.69,3.39314,-1.43235,3.46767,-1.34236,-0.279649
470,4.7,3.41655,-1.41533,3.44671,-1.36121,-0.276611
471,4.71,3.45451,-1.4356,3.43738,-1.3505,-0.276213
472,4.72,3.44879,-1.43213,3.42886,-1.33805,-0.275984
473,4.73,3.48127,-1.40893,3.42864,-1.30515,-0.277606
474,4.74,3.3439,-1.43384,3.40125,-1.341,-0.273075
475,4.75,3.46437,-1.46887,3.40314,-1.30273,-0.275178
476,4.76,3.31965,-1.46304,3.37602,-1.33796,-0.270704
477,4.77,3.40249,-1.46195,3.37061,-1.31804,-0.271159
478,4.78,3.24774,-1.43913,3.33549,-1.37289,-0.264905
479,4.79,3.33248,-1.43395,3.32391,-1.36753,-0.264014
480,4.8,3.28492,-1.46537,3.30517,-1.38019,-0.261508
481,4.81,3.27579,-1.45313,3.28825,-1.38798,-0.259426
482,4.82,3.26766,-1.4677,3.27303,-1.39133,-0.257737
483,4.83,3.24611,-1.44352,3.25652,-1.39783,-0.25576
484,4.84,3.28707,-1.47916,3.25144,-1.37557,-0.256366
485,4.85,3.19129,-1.47952,3.22841,-1.39877,-0.252902
486,4.86,3.17811,-1.45997,3.20716,-1.41692,-0.24987
487,4.87,3.18507,-1.4697,3.19141,-1.42088,-0.248097
488,4.88,3.18152,-1.48316,3.17806,-1.41872,-0.24687
489,4.89,3.2557,-1.4954,3.18224,-1.37281,-0.249584
490,4.9,3.23626,-1.47104,3.18206,-1.33894,-0.251259
491,4.91,3.11128,-1.476,3.15719,-1.36763,-0.247338
492,4.92,3.22876,-1.49558,3.16056,-1.32501,-0.249806
493,4.93,3.07575,-1.44238,3.133,-1.3608,-0.24526
494,4.94,3.06966,-1.48793,3.10945,-1.38566,-0.241662
495,4.95,3.13609,-1.50983,3.10369,-1.36541,-0.242098
496,4.96,3.03851,-1.47633,3.07973,-1.39117,-0.238414
497,4.97,3.04118,-1.48119,3.06089,-1.4035,-0.235914
498,4.98,3.05678,-1.50083,3.04884,-1.39854,-0.234957
499,4.99,3.01225,-1.51132,3.03033,-1.40984,-0.232542
500,5,2.94909,-1.51282,3.00281,-1.44341,-0.22811
501,5.01,2.9821,-1.4987,2.98712,-1.44654,-0.226385
502,5.02,2.98065,-1.54184,2.97425,-1.44255,-0.225298
503,5.03,3.03907,-1.53133,2.97567,-1.40293,-0.227421
504,5.04,2.95844,-1.58893,2.96101,-1.40453,-0.225874
505,5.05,2.98639,-1.49172,2.95485,-1.38481,-0.226244
506,5.06,2.9516,-1.55646,2.94312,-1.37951,-0.225336
507,5.07,2.89802,-1.51387,2.92306,-1.39516,-0.222548
508,5.08,2.91619,-1.50418,2.91053,-1.39162,-0.221472
509,5.09,2.87554,-1.48938,2.8924,-1.40216,-0.219132
510,5.1,2.75065,-1.53927,2.85283,-1.46602,-0.211982
511,5.11,2.86595,-1.52847,2.84373,-1.45213,-0.211766
512,5.12,2.84427,-1.50949,2.83222,-1.4446,-0.210992
513,5.13,2.7757,-1.5238,2.80936,-1.46564,-0.207654
514,5.14,2.75112,-1.51928,2.78598,-1.48742,-0.204227
515,5.15,2.81094,-1.51416,2.77908,-1.46751,-0.204532
516,5.16,2.78378,-1.54332,2.76828,-1.45782,-0.203936
517,5.17,2.76396,-1.55296,2.75575,-1.45269,-0.202941
518,5.18,2.71538,-1.56025,2.73605,-1.46561,-0.200325
519,5.19,2.68948,-1.49162,2.71501,-1.48157,-0.197423
520,5.2,2.75808,-1.5811,2.71177,-1.45263,-0.198546
521,5.21,2.72586,-1.53267,2.70297,-1.43833,-0.198381
522,5.22,2.65095,-1.56852,2.68106,-1.45715,-0.195249
523,5.23,2.69912,-1.56687,2.67302,-1.44083,-0.19526
524,5.24,2.70316,-1.58399,2.66752,-1.41855,-0.195824
525,5.25,2.72373,-1.56473,2.66741,-1.38335,-0.197573
526,5.26,2.61207,-1.56665,2.64528,-1.40411,-0.194322
527,5.27,2.62406,-1.57076,2.6298,-1.40769,-0.192595
528,5.28,2.60799,-1.58292,2.61418,-1.41156,-0.19084
529,5.29,2.53123,-1.54784,2.58629,-1.44598,-0.186331
530,5.3,2.47959,-1.58675,2.55339,-1.4921,-0.180734
531,5.31,2.60216,-1.57692,2.5512,-1.46025,-0.182108
532,5.32,2.58117,-1.57611,2.54552,-1.43797,-0.182653
533,5.33,2.51234,-1.55729,2.52738,-1.44737,-0.180369
534,5.34,2.52907,-1.56749,2.51614,-1.43928,-0.179649
535,5.35,2.48448,-1.5963,2.49829,-1.44792,-0.177433
536,5.36,2.47676,-1.6229,2.4824,-1.45144,-0.175668
537,5.37,2.49542,-1.57057,2.47339,-1.43767,-0.175456
538,5.38,2.3397,-1.60743,2.43515,-1.49733,-0.168649
539,5.39,2.43652,-1.57701,2.42345,-1.48916,-0.167887
540,5.4,2.41208,-1.5551,2.40926,-1.4874,-0.166556
541,5.41,2.45861,-1.58831,2.40723,-1.45529,-0.167958
542,5.42,2.32258,-1.57442,2.37866,-1.49034,-0.163349
543,5.43,2.41152,-1.60172,2.37331,-1.46646,-0.164008
544,5.44,2.29974,-1.63616,2.34686,-1.49591,-0.159891
545,5.45,2.28714,-1.58428,2.32295,-1.51829,-0.156381
546,5.46,2.28437,-1.57967,2.30309,-1.52998,-0.15381
547,5.47,2.20059,-1.59652,2.27035,-1.57359,-0.148356
548,5.48,2.18677,-1.59067,2.24105,-1.60751,-0.143729
549,5.49,2.2352,-1.63484,2.22702,-1.60239,-0.142582
550,5.5,2.18636,-1.6317,2.20607,-1.61471,-0.139871
551,5.51,2.24044,-1.57301,2.20002,-1.58945,-0.14053
552,5.52,2.29224,-1.61265,2.20575,-1.53539,-0.143806
553,5.53,2.17355,-1.60287,2.18703,-1.54382,-0.141512
554,5.54,2.14389,-1.60693,2.16605,-1.55767,-0.138722
555,5.55,2.13393,-1.62307,2.14716,-1.56594,-0.13642
556,5.56,2.10136,-1.61252,2.12548,-1.58101,-0.133497
557,5.57,2.14782,-1.60538,2.1173,-1.56193,-0.133633
558,5.58,2.07091,-1.63564,2.09552,-1.57732,-0.130687
559,5.59,2.05896,-1.59984,2.07559,-1.58771,-0.128173
560,5.6,2.09919,-1.632,2.06761,-1.56798,-0.128362
561,5.61,2.10168,-1.62848,2.06188,-1.5431,-0.129033
562,5.62,2.05726,-1.61109,2.04861,-1.5377,-0.127976
563,5.63,2.0709,-1.60207,2.04077,-1.51887,-0.128133
564,5.64,2.01649,-1.62366,2.02376,-1.52341,-0.126206
565,5.65,2.05417,-1.62092,2.01766,-1.50059,-0.126736
566,5.66,1.99106,-1.64429,2.00033,-1.50638,-0.124714
567,5.67,1.9031,-1.60491,1.96883,-1.54746,-0.11951
568,5.68,1.87505,-1.64248,1.9377,-1.58662,-0.114439
569,5.69,1.91049,-1.6292,1.91956,-1.59229,-0.112342
570,5.7,1.8501,-1.60052,1.89293,-1.61906,-0.10834
571,5.71,1.78129,-1.61436,1.85765,-1.66679,-0.102426
572,5.72,1.96555,-1.58921,1.8659,-1.6045,-0.106365
573,5.73,1.7714,-1.65582,1.83416,-1.64373,-0.10123
574,5.74,1.77273,-1.62269,1.80873,-1.66622,-0.0975615
575,5.75,1.8274,-1.63168,1.79913,-1.64855,-0.0974855
576,5.76,1.90952,-1.62108,1.80802,-1.58512,-0.101546
577,5.77,1.76197,-1.64663,1.78613,-1.60022,-0.098602
578,5.78,1.76608,-1.63675,1.76932,-1.60224,-0.0968195
579,5.79,1.75243,-1.6008,1.75312,-1.60268,-0.0951784
580,5.8,1.71431,-1.64277,1.73254,-1.61407,-0.0925506
581,5.81,1.75202,-1.60825,1.72352,-1.59625,-0.0925396
582,5.82,1.73526,-1.63172,1.7131,-1.5824,-0.0921899
583,5.83,1.64805,-1.61678,1.68743,-1.60702,-0.0883922
584,5.84,1.68445,-1.65549,1.67398,-1.60047,-0.0873741
585,5.85,1.59966,-1.60835,1.64631,-1.62963,-0.0831495
586,5.86,1.65992,-1.58219,1.636,-1.61468,-0.0828656
587,5.87,1.67713,-1.6683,1.6313,-1.58604,-0.0838285
588,5.88,1.56501,-1.65738,1.60536,-1.61126,-0.079973
589,5.89,1.62067,-1.61291,1.59553,-1.59555,-0.0797756
590,5.9,1.64371,-1.66776,1.5924,-1.56348,-0.0810661
591,5.91,1.54853,-1.67114,1.57112,-1.5776,-0.0782321
592,5.92,1.49115,-1.62217,1.5425,-1.60969,-0.073766
593,5.93,1.61152,-1.60818,1.54343,-1.56713,-0.0759862
594,5.94,1.61407,-1.66962,1.54502,-1.52398,-0.0783031
595,5.95,1.44931,-1.63308,1.51369,-1.56421,-0.0731581
596,5.96,1.51272,-1.6677,1.50098,-1.55688,-0.072254
597,5.97,1.52532,-1.62627,1.49339,-1.53692,-0.072493
598,5.98,1.46128,-1.65052,1.47468,-1.54529,-0.0702028
599,5.99,1.46292,-1.66098,1.45996,-1.54345,-0.0688238
600,6,1.42264,-1.66159,1.44015,-1.55439,-0.0662957
601,6.01,1.31404,-1.62272,1.40249,-1.60967,-0.0597658
602,6.02,1.38989,-1.61638,1.3871,-1.60792,-0.0583136
603,6.03,1.36592,-1.66805,1.37,-1.61047,-0.0564762
604,6.04,1.24904,-1.69307,1.33292,-1.66289,-0.0501475
605,6.05,1.40198,-1.65661,1.33343,-1.62005,-0.0523406
606,6.06,1.30479,-1.64425,1.31474,-1.62627,-0.0501609
607,6.07,1.35094,-1.64792,1.30897,-1.60004,-0.0508954
608,6.08,1.30534,-1.65754,1.29545,-1.59385,-0.0498521
609,6.09,1.19832,-1.64229,1.26327,-1.63445,-0.0446049
610,6.1,1.32316,-1.67014,1.26217,-1.59633,-0.046401
611,6.11,1.20662,-1.62116,1.23829,-1.61612,-0.0430229
612,6.12,1.31137,-1.63945,1.23998,-1.57151,-0.0454224
613,6.13,1.22902,-1.6458,1.22522,-1.56913,-0.0440652
614,6.14,1.20965,-1.65229,1.20955,-1.56907,-0.0425016
615,6.15,1.19726,-1.72397,1.19454,-1.56736,-0.0410855
616,6.16,1.14006,-1.64701,1.1711,-1.58677,-0.0377721
617,6.17,1.1424,-1.6634,1.15267,-1.59318,-0.0356077
618,6.18,1.12378,-1.66001,1.13415,-1.59966,-0.0334314
619,6.19,1.18508,-1.62456,1.13154,-1.5662,-0.0348437
620,6.2,1.08147,-1.68456,1.10899,-1.5834,-0.0317293
621,6.21,1.0418,-1.67137,1.08289,-1.60908,-0.0278348
622,6.22,1.13498,-1.66713,1.08043,-1.57499,-0.029294
623,6.23,0.966106,-1.69092,1.04497,-1.62427,-0.023283
624,6.24,1.09055,-1.65763,1.04109,-1.59336,-0.0244408
625,6.25,0.975996,-1.67591,1.01532,-1.61794,-0.0206353
626,6.26,0.962311,-1.67574,0.991778,-1.63636,-0.0173598
627,6.27,0.94971,-1.64957,0.970273,-1.64921,-0.0145668
628,6.28,0.877817,-1.67708,0.938588,-1.68719,-0.00949916
629,6.29,0.965773,-1.66586,0.930528,-1.66517,-0.00979452
630,6.3,0.937062,-1.66519,0.918513,-1.65357,-0.00917271
631,6.31,0.94498,-1.662,0.910578,-1.63207,-0.00945427
632,6.32,0.96102,-1.66666,0.90761,-1.59869,-0.0108265
633,6.33,0.911434,-1.69859,0.895585,-1.58878,-0.0101193
634,6.34,0.857796,-1.63135,0.875317,-1.59973,-0.00754496
635,6.35,0.784507,-1.65392,0.844357,-1.63714,-0.00257865
636,6.36,0.862801,-1.63973,0.834949,-1.61973,-0.00250821
637,6.37,0.853106,-1.67211,0.825622,-1.60256,-0.00243441
638,6.38,0.918453,-1.68297,0.831368,-1.54813,-0.00573039
639,6.39,0.811143,-1.64641,0.814938,-1.5505,-0.0039688
640,6.4,0.734862,-1.68796,0.786519,-1.58279,0.000487383
641,6.41,0.821547,-1.64516,0.780862,-1.55736,-0.000218353
642,6.42,0.764847,-1.66535,0.7652,-1.55758,0.00135888
643,6.43,0.648884,-1.67285,0.729476,-1.60795,0.00744978
644,6.44,0.68017,-1.70656,0.706752,-1.62456,0.0105529
645,6.45,0.626894,-1.6693,0.677784,-1.65637,0.01504
646,6.46,0.653158,-1.6901,0.659607,-1.6604,0.0170592
647,6.47,0.614805,-1.62578,0.637364,-1.6745,0.0199885
648,6.48,0.581502,-1.61194,0.612795,-1.69406,0.0234233
649,6.49,0.601274,-1.68233,0.596939,-1.69135,0.0248735
650,6.5,0.58255,-1.68698,0.58053,-1.69008,0.0264512
651,6.51,0.540347,-1.65332,0.558973,-1.70173,0.029189
652,6.52,0.566147,-1.66176,0.546794,-1.68963,0.0298021
653,6.53,0.511045,-1.66112,0.526127,-1.69906,0.0323401
654,6.54,0.505016,-1.67636,0.508312,-1.70112,0.0342246
655,6.55,0.527187,-1.68288,0.498478,-1.68317,0.0343108
656,6.56,0.511163,-1.65604,0.48755,-1.66842,0.0346658
657,6.57,0.480582,-1.65283,0.472809,-1.66356,0.035897
658,6.58,0.438741,-1.66413,0.452687,-1.67227,0.038345
659,6.59,0.372686,-1.6795,0.423309,-1.70391,0.0428648
660,6.6,0.460749,-1.67601,0.417165,-1.67667,0.0421171
661,6.61,0.444995,-1.65781,0.409318,-1.65437,0.0417869
662,6.62,0.42052,-1.64595,0.398323,-1.6405,0.0421927
663,6.63,0.296888,-1.6546,0.364912,-1.68302,0.0476596
664,6.64,0.363167,-1.65732,0.351099,-1.67547,0.0486638
665,6.65,0.423849,-1.64638,0.352245,-1.63072,0.0463116
666,6.66,0.318265,-1.62393,0.332403,-1.63956,0.0487376
667,6.67,0.351249,-1.66385,0.323056,-1.62194,0.0487913
668,6.68,0.319902,-1.61896,0.30945,-1.61541,0.0498253
669,6.69,0.339905,-1.64604,0.302618,-1.5921,0.0493433
670,6.7,0.289518,-1.66569,0.287261,-1.59069,0.0508084
671,6.71,0.317833,-1.6443,0.28065,-1.56745,0.0503076
672,6.72,0.212833,-1.66283,0.254547,-1.59352,0.0542214
673,6.73,0.241713,-1.69427,0.239232,-1.59197,0.0556754
674,6.74,0.207616,-1.64072,0.220173,-1.59982,0.0579737
675,6.75,0.163414,-1.66095,0.196023,-1.6202,0.0614077
676,6.76,0.128181,-1.63673,0.169493,-1.64602,0.0653517
677,6.77,0.181218,-1.64927,0.15867,-1.63193,0.0657294
678,6.78,0.18291,-1.62226,0.150462,-1.61165,0.0655361
679,6.79,0.133363,-1.64376,0.134149,-1.61214,0.067192
680,6.8,0.208557,-1.65257,0.136134,-1.56687,0.0647303
681,6.81,0.101593,-1.66256,0.11669,-1.57631,0.0671464
682,6.82,0.00368232,-1.60186,0.0814784,-1.62493,0.0730988
683,6.83,0.115283,-1.64433,0.0752399,-1.59991,0.0724713
684,6.84,0.0249553,-1.64672,0.0523837,-1.61705,0.075614
685,6.85,0.043503,-1.64718,0.0376712,-1.6134,0.076903
686,6.86,0.013171,-1.67448,0.0198639,-1.61759,0.0788929
687,6.87,-0.0407887,-1.64958,-0.00520727,-1.63982,0.082512
688,6.88,0.0329449,-1.6759,-0.0106954,-1.61255,0.081697
689,6.89,-0.0626341,-1.66553,-0.0339836,-1.63046,0.0849211
690,6.9,-0.0402351,-1.67651,-0.0482775,-1.62543,0.0860992
691,6.91,-0.112381,-1.6516,-0.0741017,-1.64935,0.0898779
692,6.92,-0.0912155,-1.62106,-0.0907193,-1.64966,0.0915551
693,6.93,-0.2316,-1.64892,-0.132093,-1.71186,0.0988021
694,6.94,-0.248853,-1.63034,-0.16914,-1.76168,0.104998
695,6.95,-0.116195,-1.67092,-0.172644,-1.7264,0.103584
696,6.96,-0.132501,-1.6416,-0.178427,-1.69769,0.102727
697,6.97,-0.212999,-1.61105,-0.198923,-1.70649,0.105217
698,6.98,-0.241914,-1.61393,-0.221173,-1.71945,0.10809
699,6.99,-0.180814,-1.62847,-0.226857,-1.69068,0.10722
700,7,-0.260075,-1.62681,-0.247026,-1.69883,0.109644
701,7.01,-0.154498,-1.65664,-0.242111,-1.64407,0.106415
702,7.02,-0.33494,-1.66696,-0.273829,-1.68227,0.111496
703,7.03,-0.403326,-1.64564,-0.313187,-1.73861,0.118249
704,7.04,-0.263106,-1.62001,-0.31708,-1.70487,0.116952
705,7.05,-0.323845,-1.59295,-0.332072,-1.69973,0.118194
706,7.06,-0.344117,-1.63269,-0.348079,-1.69726,0.119671
707,7.07,-0.330545,-1.61477,-0.35815,-1.68,0.119815
708,7.08,-0.358349,-1.60535,-0.37163,-1.6717,0.120748
709,7.09,-0.337908,-1.63505,-0.378259,-1.64648,0.12015
710,7.1,-0.44361,-1.57337,-0.404501,-1.67093,0.123996
711,7.11,-0.44736,-1.60323,-0.42644,-1.684,0.126844
712,7.12,-0.309015,-1.62401,-0.416427,-1.61687,0.122486
713,7.13,-0.519445,-1.58693,-0.449966,-1.66029,0.128011
714,7.14,-0.547074,-1.61459,-0.48267,-1.70054,0.133294
715,7.15,-0.447929,-1.62832,-0.489326,-1.67467,0.132666
716,7.16,-0.48305,-1.60169,-0.501468,-1.66316,0.133305
717,7.17,-0.447764,-1.61856,-0.504033,-1.62799,0.131803
718,7.18,-0.506583,-1.61002,-0.517567,-1.62113,0.132813
719,7.19,-0.482181,-1.58839,-0.523458,-1.59533,0.132112
720,7.2,-0.510628,-1.61741,-0.533655,-1.58094,0.132412
721,7.21,-0.610717,-1.62766,-0.561715,-1.61156,0.13675
722,7.22,-0.639352,-1.63115,-0.590135,-1.64232,0.14113
723,7.23,-0.590816,-1.61407,-0.60341,-1.63445,0.142064
724,7.24,-0.606497,-1.60764,-0.617103,-1.62782,0.143101
725,7.25,-0.624174,-1.58811,-0.631539,-1.62322,0.144315
726,7.26,-0.648701,-1.58387,-0.647958,-1.62369,0.14598
727,7.27,-0.680509,-1.60628,-0.667457,-1.63184,0.148338
728,7.28,-0.68831,-1.59644,-0.684683,-1.63411,0.150174
729,7.29,-0.743404,-1.58642,-0.7095,-1.6553,0.153715
730,7.3,-0.764173,-1.58475,-0.733677,-1.67436,0.157086
731,7.31,-0.649224,-1.60248,-0.730181,-1.62376,0.154206
732,7.32,-0.827693,-1.59021,-0.762673,-1.6644,0.159487
733,7.33,-0.75394,-1.60376,-0.774242,-1.65171,0.16001
734,7.34,-0.78368,-1.57888,-0.789343,-1.64817,0.161343
735,7.35,-0.825473,-1.60876,-0.809755,-1.65799,0.163875
736,7.36,-0.709042,-1.54708,-0.802876,-1.59935,0.160255
737,7.37,-0.813762,-1.57547,-0.817848,-1.59679,0.161625
738,7.38,-0.8115,-1.5773,-0.829353,-1.58564,0.162217
739,7.39,-0.871558,-1.57865,-0.850479,-1.59881,0.164988
740,7.4,-0.914818,-1.58512,-0.876137,-1.62299,0.168763
741,7.41,-0.839633,-1.56607,-0.88182,-1.59662,0.168013
742,7.42,-0.885388,-1.53954,-0.895307,-1.59042,0.169052
743,7.43,-0.97124,-1.57978,-0.923217,-1.62044,0.173343
744,7.44,-0.948264,-1.53672,-0.94119,-1.62486,0.175362
745,7.45,-1.04049,-1.53566,-0.974048,-1.66638,0.180724
746,7.46,-0.953531,-1.55494,-0.983276,-1.64779,0.180717
747,7.47,-1.01915,-1.55682,-1.00363,-1.65749,0.183238
748,7.48,-1.04553,-1.60424,-1.02527,-1.67015,0.186035
749,7.49,-0.968956,-1.56445,-1.02737,-1.63364,0.184419
750,7.5,-0.978051,-1.5668,-1.03058,-1.60081,0.183098
751,7.51,-1.14285,-1.53272,-1.06584,-1.64895,0.189031
752,7.52,-1.02283,-1.55674,-1.07043,-1.6192,0.188002
753,7.53,-1.14016,-1.5694,-1.09733,-1.64597,0.192031
754,7.54,-1.11419,-1.51875,-1.11387,-1.64617,0.193695
755,7.55,-1.06037,-1.582,-1.11634,-1.61119,0.192193
756,7.56,-1.10796,-1.54042,-1.12755,-1.59894,0.192702
757,7.57,-1.16125,-1.56999,-1.14708,-1.60779,0.195098
758,7.58,-1.13967,-1.54098,-1.15846,-1.59605,0.195649
759,7.59,-1.14086,-1.54786,-1.16771,-1.57927,0.195735
760,7.6,-1.19407,-1.57284,-1.18562,-1.58456,0.197789
761,7.61,-1.17591,-1.57564,-1.19635,-1.57178,0.198224
762,7.62,-1.22094,-1.53116,-1.21384,-1.57622,0.200195
763,7.63,-1.26323,-1.54214,-1.23633,-1.59303,0.203284
764,7.64,-1.2428,-1.51265,-1.25037,-1.5883,0.204451
765,7.65,-1.18909,-1.49253,-1.25082,-1.54971,0.202567
766,7.66,-1.19144,-1.53193,-1.25134,-1.51228,0.200748
767,7.67,-1.30396,-1.52869,-1.27396,-1.53103,0.203948
768,7.68,-1.37812,-1.55484,-1.30704,-1.57545,0.209477
769,7.69,-1.38647,-1.52561,-1.33553,-1.60729,0.213918
770,7.7,-1.28422,-1.51526,-1.33813,-1.5736,0.212493
771,7.71,-1.39316,-1.48678,-1.36172,-1.59325,0.215835
772,7.72,-1.34908,-1.50131,-1.37194,-1.57896,0.216142
773,7.73,-1.46324,-1.54049,-1.40283,-1.61671,0.221119
774,7.74,-1.46541,-1.50023,-1.42828,-1.63992,0.224824
775,7.75,-1.41997,-1.49163,-1.43974,-1.62756,0.225352
776,7.76,-1.48504,-1.4965,-1.46182,-1.64208,0.228286
777,7.77,-1.43342,-1.50696,-1.46928,-1.61966,0.227911
778,7.78,-1.51101,-1.48901,-1.49058,-1.63244,0.23068
779,7.79,-1.54213,-1.47839,-1.51395,-1.65005,0.233898
780,7.8,-1.53212,-1.48447,-1.53079,-1.65088,0.235623
781,7.81,-1.46466,-1.49492,-1.53077,-1.60957,0.233555
782,7.82,-1.54516,-1.48112,-1.54652,-1.60871,0.235088
783,7.83,-1.52946,-1.47329,-1.55598,-1.59214,0.235205
784,7.84,-1.66535,-1.47489,-1.59059,-1.63886,0.241002
785,7.85,-1.57821,-1.49466,-1.60123,-1.62448,0.241347
786,7.86,-1.55301,-1.47371,-1.60458,-1.59225,0.24007
787,7.87,-1.63327,-1.48699,-1.62305,-1.59863,0.242237
788,7.88,-1.62308,-1.46856,-1.63585,-1.59065,0.243118
789,7.89,-1.66454,-1.46145,-1.65431,-1.59704,0.245283
790,7.9,-1.60823,-1.48427,-1.65787,-1.56602,0.244088
791,7.91,-1.64633,-1.47732,-1.66809,-1.55242,0.24443
792,7.92,-1.75502,-1.47362,-1.6979,-1.58812,0.249196
793,7.93,-1.65173,-1.48644,-1.70137,-1.55709,0.247991
794,7.94,-1.70889,-1.48039,-1.71533,-1.55307,0.249187
795,7.95,-1.7706,-1.47201,-1.73881,-1.57294,0.252528
796,7.96,-1.77411,-1.47631,-1.75845,-1.58273,0.254982
797,7.97,-1.73865,-1.44555,-1.76716,-1.56492,0.254961
798,7.98,-1.71914,-1.48323,-1.77007,-1.53308,0.253661
799,7.99,-1.72967,-1.47746,-1.77426,-1.50522,0.252686
800,8,-1.84853,-1.46849,-1.80115,-1.53483,0.256856
801,8.01,-1.82578,-1.46219,-1.81835,-1.53947,0.258809
802,8.02,-1.85287,-1.42907,-1.83757,-1.54903,0.261209
803,8.03,-1.82727,-1.43941,-1.8479,-1.53613,0.261597
804,8.04,-1.79842,-1.47055,-1.8503,-1.5037,0.260215
805,8.05,-1.88473,-1.40887,-1.86921,-1.5134,0.262591
806,8.06,-1.83556,-1.42255,-1.87459,-1.48901,0.261909
807,8.07,-1.92614,-1.41435,-1.89681,-1.50733,0.265048
808,8.08,-1.88918,-1.42849,-1.90734,-1.49598,0.265534
809,8.09,-1.87226,-1.43273,-1.91229,-1.47096,0.264778
810,8.1,-1.89144,-1.4105,-1.91989,-1.45318,0.264648
811,8.11,-1.94295,-1.42628,-1.93613,-1.45744,0.266485
812,8.12,-2.0147,-1.442,-1.9635,-1.48944,0.270822
813,8.13,-1.90553,-1.41088,-1.96382,-1.45301,0.269033
814,8.14,-2.01809,-1.40379,-1.9863,-1.47288,0.272274
815,8.15,-1.93879,-1.43025,-1.98858,-1.44176,0.270946
816,8.16,-2.01236,-1.39954,-2.00487,-1.44644,0.272809
817,8.17,-1.99893,-1.39757,-2.01525,-1.43624,0.273337
818,8.18,-2.06727,-1.36686,-2.03715,-1.45506,0.276468
819,8.19,-2.06409,-1.44435,-2.05418,-1.46126,0.27848
820,8.2,-2.15619,-1.4272,-2.08627,-1.50496,0.283875
821,8.21,-2.04684,-1.40951,-2.09042,-1.47772,0.282928
822,8.22,-2.01409,-1.38227,-2.08698,-1.43217,0.280306
823,8.23,-2.1442,-1.36585,-2.10988,-1.45362,0.283669
824,8.24,-2.22043,-1.38616,-2.14362,-1.50162,0.289443
825,8.25,-2.07048,-1.36997,-2.141,-1.45755,0.286978
826,8.26,-2.1829,-1.3801,-2.16104,-1.4712,0.289665
827,8.27,-2.13595,-1.40999,-2.16779,-1.4513,0.289344
828,8.28,-2.179,-1.37086,-2.18165,-1.44965,0.290647
829,8.29,-2.18172,-1.33613,-2.19326,-1.44244,0.291448
830,8.3,-2.17139,-1.39142,-2.20042,-1.42429,0.291257
831,8.31,-2.2505,-1.37358,-2.22183,-1.44221,0.294294
832,8.32,-2.09348,-1.37992,-2.2077,-1.37082,0.289311
833,8.33,-2.29455,-1.34959,-2.23604,-1.40739,0.293973
834,8.34,-2.1867,-1.35695,-2.23743,-1.37568,0.292527
835,8.35,-2.26847,-1.35475,-2.25464,-1.38433,0.294681
836,8.36,-2.3213,-1.35867,-2.27905,-1.41073,0.298441
837,8.37,-2.32651,-1.31285,-2.29983,-1.42741,0.301353
838,8.38,-2.27704,-1.34294,-2.30669,-1.40888,0.301113
839,8.39,-2.34039,-1.33804,-2.3247,-1.41869,0.303404
840,8.4,-2.36482,-1.32838,-2.34407,-1.43165,0.30599
841,8.41,-2.42545,-1.34049,-2.3718,-1.46518,0.310439
842,8.42,-2.39008,-1.31764,-2.38718,-1.46699,0.312067
843,8.43,-2.36423,-1.32827,-2.39432,-1.44818,0.311842
844,8.44,-2.4795,-1.33033,-2.42294,-1.48353,0.316471
845,8.45,-2.47512,-1.37103,-2.44525,-1.5022,0.319635
846,8.46,-2.4824,-1.30641,-2.4647,-1.51326,0.322133
847,8.47,-2.41665,-1.30176,-2.46719,-1.48167,0.320803
848,8.48,-2.52882,-1.2988,-2.49137,-1.50508,0.324391
849,8.49,-2.52666,-1.30484,-2.51047,-1.5152,0.326807
850,8.5,-2.46684,-1.32409,-2.51386,-1.48581,0.325677
851,8.51,-2.49919,-1.29625,-2.52282,-1.47104,0.325833
852,8.52,-2.59503,-1.31298,-2.54903,-1.49979,0.329892
853,8.53,-2.47663,-1.31052,-2.54655,-1.45609,0.327459
854,8.54,-2.49633,-1.30731,-2.54815,-1.42371,0.326001
855,8.55,-2.48564,-1.27583,-2.54704,-1.38533,0.323971
856,8.56,-2.47637,-1.2685,-2.54399,-1.34307,0.321552
857,8.57,-2.56619,-1.2855,-2.55917,-1.34746,0.32329
858,8.58,-2.50687,-1.26255,-2.55949,-1.31457,0.321678
859,8.59,-2.59817,-1.25919,-2.57774,-1.32734,0.324141
860,8.6,-2.60744,-1.32898,-2.5943,-1.33554,0.326207
861,8.61,-2.52112,-1.25917,-2.59035,-1.29228,0.323649
862,8.62,-2.65717,-1.24333,-2.61405,-1.31922,0.327366
863,8.63,-2.65416,-1.25514,-2.63263,-1.33268,0.329896
864,8.64,-2.62232,-1.27646,-2.64123,-1.32086,0.330166
865,8.65,-2.71952,-1.26229,-2.66745,-1.3534,0.334415
866,8.66,-2.66753,-1.26709,-2.67829,-1.34668,0.335163
867,8.67,-2.71473,-1.25436,-2.69635,-1.35816,0.337543
868,8.68,-2.72496,-1.2673,-2.71294,-1.36567,0.339578
869,8.69,-2.72619,-1.22821,-2.72652,-1.36547,0.340925
870,8.7,-2.63883,-1.27141,-2.7199,-1.3148,0.33773
871,8.71,-2.82597,-1.21317,-2.75163,-1.36126,0.343226
872,8.72,-2.81839,-1.24361,-2.77588,-1.38783,0.346979
873,8.73,-2.7895,-1.22344,-2.7897,-1.38771,0.348356
874,8.74,-2.79501,-1.2298,-2.80187,-1.38342,0.349358
875,8.75,-2.70622,-1.20755,-2.79381,-1.32868,0.345815
876,8.76,-2.68446,-1.18377,-2.78257,-1.26736,0.341625
877,8.77,-2.7491,-1.21004,-2.78601,-1.2443,0.340816
878,8.78,-2.90991,-1.19381,-2.82075,-1.30002,0.347076
879,8.79,-2.7266,-1.22865,-2.81232,-1.24645,0.343554
880,8.8,-2.80882,-1.19341,-2.82159,-1.23847,0.344082
881,8.81,-2.91195,-1.18228,-2.84957,-1.27746,0.34883
882,8.82,-2.89818,-1.22633,-2.86951,-1.29538,0.35172
883,8.83,-2.87863,-1.24211,-2.8817,-1.29346,0.352843
884,8.84,-2.95429,-1.18672,-2.90656,-1.32329,0.356821
885,8.85,-2.98714,-1.1654,-2.93327,-1.35696,0.361175
886,8.86,-2.88017,-1.18714,-2.9335,-1.32363,0.359532
887,8.87,-3.04501,-1.19098,-2.96639,-1.37276,0.365278
888,8.88,-2.96412,-1.15062,-2.97692,-1.36477,0.36593
889,8.89,-2.91928,-1.18287,-2.97631,-1.32912,0.364087
890,8.9,-3.07714,-1.19196,-3.00711,-1.37289,0.369355
891,8.91,-3.0376,-1.18564,-3.02419,-1.38127,0.371482
892,8.92,-3.00487,-1.1367,-3.03138,-1.3647,0.371373
893,8.93,-3.02951,-1.15091,-3.04192,-1.35694,0.372039
894,8.94,-3.00882,-1.14221,-3.04616,-1.33361,0.371296
895,8.95,-2.97108,-1.14581,-3.04181,-1.2894,0.368651
896,8.96,-3.10525,-1.13794,-3.06481,-1.31467,0.372215
897,8.97,-3.05397,-1.1299,-3.07316,-1.30268,0.37245
898,8.98,-3.02173,-1.16143,-3.07329,-1.27045,0.370852
899,8.99,-3.04258,-1.1328,-3.07731,-1.24874,0.370168
900,9,-3.1596,-1.14258,-3.10376,-1.28364,0.374558
901,9.01,-3.07026,-1.12178,-3.10733,-1.26047,0.373756
902,9.02,-3.16168,-1.09385,-3.12828,-1.28134,0.376895
903,9.03,-3.08127,-1.12717,-3.12913,-1.25142,0.375484
904,9.04,-3.09436,-1.12264,-3.13219,-1.22778,0.374608
905,9.05,-3.18773,-1.11537,-3.15312,-1.24941,0.377782
906,9.06,-3.1158,-1.10792,-3.15565,-1.2245,0.37679
907,9.07,-3.11994,-1.13482,-3.1583,-1.20052,0.375856
908,9.08,-3.22247,-1.11007,-3.18074,-1.2266,0.379404
909,9.09,-3.17678,-1.08367,-3.18976,-1.21849,0.379901
910,9.1,-3.16552,-1.0783,-3.19466,-1.20028,0.37948
911,9.11,-3.26281,-1.10242,-3.21789,-1.22835,0.383207
912,9.12,-3.24417,-1.10306,-3.23297,-1.23535,0.385065
913,9.13,-3.15918,-1.07731,-3.2281,-1.19227,0.382423
914,9.14,-3.17278,-1.0802,-3.22657,-1.15865,0.38059
915,9.15,-3.25372,-1.0655,-3.24127,-1.16643,0.382449
916,9.16,-3.17239,-1.07521,-3.23683,-1.12616,0.37999
917,9.17,-3.24029,-1.08749,-3.24653,-1.12226,0.380766
918,9.18,-3.25325,-1.05558,-3.25685,-1.12001,0.381686
919,9.19,-3.30147,-1.07734,-3.27474,-1.13672,0.38431
920,9.2,-3.34981,-1.04053,-3.29884,-1.16858,0.388313
921,9.21,-3.25669,-1.01603,-3.29976,-1.14166,0.387059
922,9.22,-3.3285,-1.05257,-3.31464,-1.15031,0.38898
923,9.23,-3.27744,-1.0256,-3.3164,-1.12596,0.387938
924,9.24,-3.34362,-1.05474,-3.33086,-1.13394,0.389783
925,9.25,-3.38558,-1.02187,-3.35087,-1.15563,0.392869
926,9.26,-3.39932,-0.992641,-3.36981,-1.17408,0.395685
927,9.27,-3.43273,-0.973475,-3.39178,-1.19967,0.399162
928,9.28,-3.41877,-1.00207,-3.40678,-1.20717,0.401036
929,9.29,-3.36951,-1.01264,-3.40898,-1.18249,0.400023
930,9.3,-3.38827,-1.01338,-3.4143,-1.16623,0.399741
931,9.31,-3.38446,-0.97816,-3.41766,-1.14548,0.39904
932,9.32,-3.37387,-1.00705,-3.41807,-1.11785,0.397699
933,9.33,-3.4376,-0.967995,-3.43092,-1.12203,0.399193
934,9.34,-3.4191,-0.995186,-3.43753,-1.11051,0.399278
935,9.35,-3.46514,-0.991691,-3.45194,-1.11876,0.401132
936,9.36,-3.38137,-0.957401,-3.44677,-1.07788,0.398571
937,9.37,-3.43847,-0.976963,-3.45373,-1.06835,0.398791
938,9.38,-3.50358,-0.99305,-3.47225,-1.08792,0.401621
939,9.39,-3.49686,-0.988528,-3.48588,-1.09479,0.403327
940,9.4,-3.58167,-0.963585,-3.51379,-1.13721,0.40824
941,9.41,-3.54296,-0.973381,-3.52872,-1.14611,0.410178
942,9.42,-3.46169,-0.988326,-3.52449,-1.10686,0.407792
943,9.43,-3.51941,-0.962977,-3.53233,-1.09879,0.408172
944,9.44,-3.45845,-0.919831,-3.52634,-1.05636,0.405452
945,9.45,-3.55735,-0.931908,-3.54099,-1.06658,0.407428
946,9.46,-3.58635,-0.94618,-3.5586,-1.08393,0.410056
947,9.47,-3.63742,-0.93979,-3.58303,-1.11792,0.414199
948,9.48,-3.56294,-0.958583,-3.58796,-1.10228,0.41391
949,9.49,-3.48169,-0.911564,-3.57552,-1.04364,0.409734
950,9.5,-3.54652,-0.960174,-3.57807,-1.02392,0.409003
951,9.51,-3.60329,-0.926495,-3.59131,-1.03141,0.410701
952,9.52,-3.54752,-0.915277,-3.5908,-1.00436,0.409298
953,9.53,-3.59071,-0.941983,-3.59882,-0.999291,0.409846
954,9.54,-3.67503,-0.902013,-3.62205,-1.0324,0.413825
955,9.55,-3.60457,-0.947494,-3.62682,-1.0185,0.413606
956,9.56,-3.64468,-0.897839,-3.63854,-1.02233,0.41497
957,9.57,-3.69394,-0.900159,-3.6578,-1.04492,0.418026
958,9.58,-3.6458,-0.921462,-3.66376,-1.0337,0.418061
959,9.59,-3.68718,-0.912639,-3.67671,-1.04025,0.419683
960,9.6,-3.67634,-0.922375,-3.68496,-1.03486,0.420239
961,9.61,-3.71326,-0.856652,-3.6989,-1.04384,0.422082
962,9.62,-3.70229,-0.897376,-3.70793,-1.04031,0.422808
963,9.63,-3.73375,-0.880545,-3.72142,-1.04803,0.424543
964,9.64,-3.69931,-0.874171,-3.72538,-1.03173,0.424124
965,9.65,-3.83919,-0.866113,-3.75639,-1.08348,0.429813
966,9.66,-3.73385,-0.839861,-3.76055,-1.06679,0.429395
967,9.67,-3.75733,-0.838458,-3.76844,-1.05984,0.429836
968,9.68,-3.79123,-0.853284,-3.78148,-1.06594,0.431445
969,9.69,-3.80246,-0.86667,-3.7942,-1.0711,0.432975
970,9.7,-3.81729,-0.878456,-3.80739,-1.07728,0.434603
971,9.71,-3.82746,-0.835254,-3.82002,-1.08193,0.436099
972,9.72,-3.76304,-0.822179,-3.81728,-1.04803,0.43413
973,9.73,-3.93506,-0.827101,-3.84922,-1.10169,0.440006
974,9.74,-3.80061,-0.866477,-3.84831,-1.07187,0.438425
975,9.75,-3.76962,-0.849108,-3.84115,-1.02717,0.435473
976,9.76,-3.89173,-0.826382,-3.85948,-1.04732,0.438314
977,9.77,-3.83975,-0.810153,-3.86391,-1.03221,0.438002
978,9.78,-3.82739,-0.826862,-3.86487,-1.00879,0.436926
979,9.79,-3.88801,-0.817453,-3.87756,-1.01532,0.438522
980,9.8,-3.82004,-0.791245,-3.87418,-0.98148,0.436492
981,9.81,-3.8664,-0.832209,-3.88048,-0.972681,0.436682
982,9.82,-3.92493,-0.793053,-3.89715,-0.990045,0.439217
983,9.83,-3.79235,-0.800352,-3.88411,-0.932694,0.435046
984,9.84,-3.92301,-0.777658,-3.89935,-0.947483,0.437309
985,9.85,-3.83594,-0.807101,-3.89425,-0.911038,0.434977
986,9.86,-3.86038,-0.755935,-3.89476,-0.889548,0.433954
987,9.87,-3.87119,-0.749329,-3.89717,-0.873314,0.433382
988,9.88,-3.95759,-0.801905,-3.91624,-0.899158,0.436582
989,9.89,-4.03172,-0.803627,-3.94653,-0.952403,0.442273
990,9.9,-3.97731,-0.766445,-3.9603,-0.963035,0.444182
991,9.91,-3.89328,-0.744477,-3.9546,-0.924707,0.441696
992,9.92,-3.96295,-0.738132,-3.96367,-0.924259,0.44258
993,9.93,-3.94575,-0.76171,-3.96748,-0.910679,0.442282
994,9.94,-4.07189,-0.750909,-3.99565,-0.958329,0.447481
995,9.95,-4.04265,-0.808795,-4.01271,-0.97704,0.450124
996,9.96,-4.00208,-0.761712,-4.0184,-0.966839,0.450182
997,9.97,-3.97059,-0.743028,-4.01658,-0.938096,0.448562
998,9.98,-3.96352,-0.72682,-4.01347,-0.906877,0.446691
999,9.99,-4.05992,-0.695643,-4.03001,-0.925566,0.44928
